image_src,brand,name,volume,price,discount_rate,rating,delivery_info
https://image.sivillage.com/upload/C00001/goods/org/956/231108006980956.jpg?RS=450&SP=1,DIPTYQUE,오 드 퍼퓸 플레르 드 뽀 75ml,75ml,"265,050",5%,"4.9
(4345)",N/A
https://image.sivillage.com/upload/C00001/goods/org/551/231108006981551.jpg?RS=450&SP=1,DIPTYQUE,오 드 퍼퓸 오르페옹 75ml,75ml,"265,050",5%,"4.9
(2316)",N/A
https://image.sivillage.com/upload/C00001/goods/org/871/210504001214871.jpg?RS=450&SP=1,DIPTYQUE,오 드 뚜왈렛 오 데 썽 100ml,100ml,"228,950",5%,"4.9
(2084)",N/A
https://image.sivillage.com/upload/C00001/goods/org/505/231108006981505.jpg?RS=450&SP=1,DIPTYQUE,오 드 퍼퓸 도손 75ml,75ml,"265,050",5%,"4.9
(1129)",N/A
https://image.sivillage.com/upload/C00001/goods/org/368/230907006189368.jpg?RS=450&SP=1&QT=20,DIPTYQUE,오 드 뚜왈렛 오 데 썽 50ml,50ml,"167,200",5%,"4.9
(1139)",N/A
https://image.sivillage.com/upload/C00001/s3/goods/org/838/240819028284838.jpg?RS=450&SP=1&QT=20,BYREDO,모하비 고스트 오 드 퍼퓸 100ml,100ml,"370,500",5%,"4.9
(1538)",N/A
https://image.sivillage.com/upload/C00001/s3/goods/org/892/240819028284892.jpg?RS=450&SP=1&QT=20,BYREDO,블랑쉬 오 드 퍼퓸 50ml,50ml,"266,000",5%,"4.9
(1872)",N/A
https://image.sivillage.com/upload/C00001/goods/org/423/231108006981423.jpg?RS=450&SP=1&QT=20,DIPTYQUE,오 드 퍼퓸 필로시코스 75ml,75ml,"265,050",5%,"4.9
(292)",N/A
https://image.sivillage.com/upload/C00001/s3/goods/org/506/240422014505506.jpg?RS=450&SP=1&QT=20,HERMÈS,투티 트윌리 데르메스 오 드 퍼퓸 85mL 2024 세트,세트,N/A,N/A,"5
(1)",N/A
https://image.sivillage.com/upload/C00001/goods/org/501/231108006981501.jpg?RS=450&SP=1&QT=20,DIPTYQUE,오 드 퍼퓸 탐 다오 75ml,75ml,"265,050",5%,"4.9
(318)",N/A
https://image.sivillage.com/upload/C00001/s3/goods/org/964/240819028284964.jpg?RS=450&SP=1&QT=20,BYREDO,집시 워터 오 드 퍼퓸 100ml,100ml,"370,500",5%,"4.9
(593)",N/A
https://image.sivillage.com/upload/C00001/goods/org/629/230307004401629.jpg?RS=450&SP=1&QT=20,DIPTYQUE,오 드 뚜왈렛 로 파피에 100ml,100ml,"228,950",5%,"4.9
(215)",N/A
https://image.sivillage.com/upload/C00001/s3/goods/org/893/240820028362893.jpg?RS=450&SP=1&QT=20,BYREDO,집시 워터 오 드 퍼퓸 50ml,50ml,"266,000",5%,"4.9
(822)",N/A
https://image.sivillage.com/upload/C00001/s3/goods/org/431/240403012843431.jpg?RS=450&SP=1&QT=20,DIPTYQUE,오 드 퍼퓸 롬브르 단 로 75ml,75ml,"265,050",5%,"4.9
(2146)",N/A
https://image.sivillage.com/upload/C00001/goods/org/970/230907006215970.jpg?RS=450&SP=1&QT=20,BYREDO,인플로레센스 오 드 퍼퓸 100ml,100ml,"370,500",5%,"4.9
(258)",N/A
https://image.sivillage.com/upload/C00001/goods/org/094/230207004067094.jpg?RS=450&SP=1&QT=20,BYREDO,익스트레잇 드 퍼퓸 카사블랑카 릴리 50ml,50ml,"465,500",5%,"4.9
(50)",N/A
https://image.sivillage.com/upload/C00001/goods/org/051/220517002512051.jpg?RS=450&SP=1&QT=20,BYREDO,로즈오브노맨즈랜드 오 드 퍼퓸 50ml,50ml,"266,000",5%,"4.9
(768)",N/A
https://image.sivillage.com/upload/C00001/s3/goods/org/889/240820028362889.jpg?RS=450&SP=1&QT=20,BYREDO,라 튤립 오 드 퍼퓸 50ml,50ml,"266,000",5%,"4.9
(1790)",N/A
https://image.sivillage.com/upload/C00001/goods/org/217/231108006981217.jpg?RS=450&SP=1&QT=20,DIPTYQUE,오 드 퍼퓸 베티베리오 75ml,75ml,"265,050",5%,"5
(36)",N/A
https://image.sivillage.com/upload/C00001/goods/org/960/231108006980960.jpg?RS=450&SP=1&QT=20,DIPTYQUE,오 드 퍼퓸 오 로즈 75ml,75ml,"265,050",5%,"4.9
(932)",N/A
https://image.sivillage.com/upload/C00001/s3/goods/org/441/240325011944441.jpg?RS=450&SP=1&QT=20,DIPTYQUE,오 드 퍼퓸 오 드 민떼 75ml,75ml,"265,050",5%,"4.8
(230)",N/A
https://image.sivillage.com/upload/C00001/goods/org/440/230823006039440.jpg?RS=450&SP=1&QT=20,DIPTYQUE,오 드 뚜왈렛 롬브르 단 로 100ml,100ml,"228,950",5%,"4.9
(801)",N/A
https://image.sivillage.com/upload/C00001/goods/org/012/230907006290012.jpg?RS=450&SP=1&QT=20,DIPTYQUE,오 드 뚜왈렛 오 로즈 100ml,100ml,"228,950",5%,"4.9
(928)",N/A
https://image.sivillage.com/upload/C00001/goods/org/884/210504001214884.jpg?RS=450&SP=1&QT=20,DIPTYQUE,오 드 뚜왈렛 필로시코스 100ml,100ml,"228,950",5%,"4.9
(435)",N/A
https://image.sivillage.com/upload/C00001/goods/org/980/230207004066980.jpg?RS=450&SP=1&QT=20,BYREDO,익스트레잇 드 퍼퓸 셀리에 50ml,50ml,"465,500",5%,"5
(14)",N/A
https://image.sivillage.com/upload/C00001/s3/goods/org/491/240816027893491.jpg?RS=450&SP=1&QT=20,DOLCE & GABBANA BEAUTY,라이트 블루 썸머 바이브 뿌르 옴므 오 드 뚜왈렛 125ml,125ml,"148,500",10%,N/A,N/A
https://image.sivillage.com/upload/C00001/s3/goods/org/329/240829029779329.jpg?RS=450&SP=1&QT=20,HERMÈS,운 자르뎅 수르 라 라군 오 드 뚜왈렛 100ml,100ml,N/A,N/A,N/A,신규입고
https://image.sivillage.com/upload/C00001/goods/org/845/210503001211845.jpg?RS=450&SP=1&QT=20,BYREDO,슈퍼 시더 오 드 퍼퓸 100ml,100ml,"370,500",5%,"4.9
(167)",N/A
https://image.sivillage.com/upload/C00001/goods/org/663/220609002625663.jpg?RS=450&SP=1&QT=20,BYREDO,미스터 마블러스 오 드 퍼퓸 100ml,100ml,"370,500",5%,"4.8
(70)",N/A
https://image.sivillage.com/upload/C00001/goods/org/849/210503001211849.jpg?RS=450&SP=1&QT=20,BYREDO,펄프 오 드 퍼퓸 100ml,100ml,"370,500",5%,"4.8
(263)",N/A
https://image.sivillage.com/upload/C00001/s3/goods/org/882/240819028284882.jpg?RS=450&SP=1&QT=20,BYREDO,발 다프리크 오 드 퍼퓸 100ml,100ml,"370,500",5%,"4.9
(1157)",N/A
https://image.sivillage.com/upload/C00001/s3/goods/org/888/240819028284888.jpg?RS=450&SP=1&QT=20,BYREDO,라 튤립 오 드 퍼퓸 100ml,100ml,"370,500",5%,"4.9
(1289)",N/A
https://image.sivillage.com/upload/C00001/s3/goods/org/584/231204007276584.png?RS=450&SP=1&QT=20,Santa Maria Novella,비자리아 오드퍼퓸 100ml,100ml,N/A,N/A,"4.9
(91)",N/A
https://image.sivillage.com/upload/C00001/goods/org/799/210504001214799.jpg?RS=450&SP=1&QT=20,DIPTYQUE,오 드 뚜왈렛 롬브르 단 로 50ml,50ml,"167,200",5%,"4.9
(649)",N/A
https://image.sivillage.com/upload/C00001/goods/org/857/230907006210857.jpg?RS=450&SP=1&QT=20,DIPTYQUE,오 드 뚜왈렛 도손 50ml,50ml,"167,200",5%,"4.9
(588)",N/A
https://image.sivillage.com/upload/C00001/goods/org/825/210504001214825.jpg?RS=450&SP=1&QT=20,DIPTYQUE,오 드 뚜왈렛 오 로즈 50ml,50ml,"167,200",5%,"4.9
(545)",N/A
https://image.sivillage.com/upload/C00001/s3/goods/org/441/240821028545441.jpg?RS=450&SP=1&QT=20,Santa Maria Novella,[선물포장] 프리지아 오드코롱 100ml,100ml,"189,000",10%,"5
(1)",N/A
https://image.sivillage.com/upload/C00001/goods/org/740/210310001112740.jpg?RS=450&SP=1&QT=20,EX NIHILO,콜론 352 오 드 퍼퓸 50ml,50ml,"285,000",5%,"4.8
(79)",N/A
https://image.sivillage.com/upload/C00001/goods/org/822/210309001111822.jpg?RS=450&SP=1&QT=20,EX NIHILO,플뢰르 나르코티끄 오 드 퍼퓸 50ml,50ml,"285,000",5%,"4.7
(99)",N/A
https://image.sivillage.com/upload/C00001/goods/org/538/220905003067538.jpg?RS=450&SP=1&QT=20,EX NIHILO,상탈 콜링 오 드 퍼퓸 50ml,50ml,"270,000",10%,"4.9
(102)",N/A
https://image.sivillage.com/upload/C00001/goods/org/549/230921006442549.jpg?RS=450&SP=1&QT=20,BYREDO,아니말리크 오 드 퍼퓸 50ml,50ml,"266,000",5%,"4.9
(71)",N/A
https://image.sivillage.com/upload/C00001/goods/org/992/231108006980992.jpg?RS=450&SP=1&QT=20,DIPTYQUE,오 드 퍼퓸 오 카피탈 75ml,75ml,"265,050",5%,"4.9
(50)",N/A
https://image.sivillage.com/upload/C00001/goods/org/476/231108006981476.jpg?RS=450&SP=1&QT=20,DIPTYQUE,오 드 퍼퓸 뗌 포 75ml,75ml,"265,050",5%,"4.8
(358)",N/A
https://image.sivillage.com/upload/C00001/s3/goods/org/305/240823028888305.png?RS=450&SP=1&QT=20,MEMO,[선물포장] 메모 100ml 오 드 퍼퓸 + 리본&포장,리본&포장,N/A,N/A,N/A,N/A
https://image.sivillage.com/upload/C00001/s3/goods/org/346/240823028887346.png?RS=450&SP=1&QT=20,MEMO,[선물포장] 메모 75ml 오 드 퍼퓸 + 리본&포장,리본&포장,N/A,N/A,N/A,N/A
https://image.sivillage.com/upload/C00001/s3/goods/org/184/240731025772184.jpg?RS=450&SP=1&QT=20,LOEWE PERFUMES,로에베 001 맨 오 드 퍼퓸 100ML,100ML,"246,050",5%,"5
(1)",N/A
https://image.sivillage.com/upload/C00001/goods/org/506/210924001482506.jpg?RS=450&SP=1&QT=20,Santa Maria Novella,프리지아 오드코롱 100ml,100ml,"189,000",10%,"4.9
(2420)",N/A
https://image.sivillage.com/upload/C00001/s3/goods/org/302/240627022847302.jpg?RS=450&SP=1&QT=20,DIPTYQUE,오 드 뚜왈렛 도손 100ml,100ml,"228,950",5%,"4.9
(639)",N/A
https://image.sivillage.com/upload/C00001/goods/org/752/230907006256752.jpg?RS=450&SP=1&QT=20,DIPTYQUE,오 드 뚜왈렛 오에도 100ml,100ml,"228,950",5%,"4.8
(272)",N/A
https://image.sivillage.com/upload/C00001/s3/goods/org/631/240508016029631.jpg?RS=450&SP=1&QT=20,DIPTYQUE,오 드 뚜왈렛 탐 다오 100ml,100ml,"228,950",5%,"4.9
(496)",N/A
https://image.sivillage.com/upload/C00001/goods/org/809/230907006174809.jpg?RS=450&SP=1&QT=20,DIPTYQUE,오 드 뚜왈렛 올렌느 100ml,100ml,"228,950",5%,"4.9
(41)",N/A
https://image.sivillage.com/upload/C00001/s3/goods/org/501/240422014505501.jpg?RS=450&SP=1&QT=20,HERMÈS,H24 오 드 뚜왈렛 100mL 2024 세트,세트,N/A,N/A,"5
(5)",N/A
https://image.sivillage.com/upload/C00001/goods/org/499/210107001015499.jpg?RS=450&SP=1&QT=20,DS&DURGA,디베이저 오 드 퍼퓸 50ml,50ml,"217,550",5%,"4.9
(127)",N/A
https://image.sivillage.com/upload/C00001/goods/org/981/230907006319981.jpg?RS=450&SP=1&QT=20,DS&DURGA,버닝 바버샵 오 드 퍼퓸 50ml,50ml,"217,550",5%,"5
(5)",N/A
https://image.sivillage.com/upload/C00001/goods/org/157/230907006191157.jpg?RS=450&SP=1&QT=20,DIPTYQUE,오 드 뚜왈렛 필로시코스 50ml,50ml,"167,200",5%,"4.9
(343)",N/A
https://image.sivillage.com/upload/C00001/s3/goods/org/447/240821028545447.jpg?RS=450&SP=1&QT=20,Santa Maria Novella,[선물포장] 엔젤 디 피렌체 오드코롱 100ml,100ml,"189,000",10%,N/A,N/A
https://image.sivillage.com/upload/C00001/s3/goods/org/895/240821028544895.jpg?RS=450&SP=1&QT=20,Santa Maria Novella,[선물포장] 로사 가데니아 오드코롱 100ml,100ml,"189,000",10%,"5
(1)",N/A
https://image.sivillage.com/upload/C00001/s3/goods/org/552/240821028558552.jpg?RS=450&SP=1&QT=20,EX NIHILO,[선물포장] 디스커버리 키트 & 트래블 케이스 세트,세트,N/A,N/A,"5
(1)",N/A
https://image.sivillage.com/upload/C00001/s3/goods/org/229/240813027494229.jpg?RS=450&SP=1&QT=20,HERMÈS,오 드 메르베이 오 드 뚜왈렛 100ml,100ml,N/A,N/A,N/A,N/A
https://image.sivillage.com/upload/C00001/s3/goods/org/585/240828029558585.jpg?RS=450&SP=1&QT=20,DIPTYQUE,리미티드 솔리드퍼퓸 로 파피에,파피에,N/A,N/A,N/A,신규입고
